mode,idx,got,expected,bypass
0,0,54,54,0
0,1,54,54,0
0,2,54,54,0
0,3,54,54,0
0,4,54,54,0
0,5,54,54,0
0,6,54,54,0
0,7,54,54,0
0,8,54,54,0
0,9,54,54,0
0,10,54,54,0
0,11,54,54,0
0,12,53,53,0
0,13,53,53,0
0,14,52,52,0
0,15,52,52,0
1,0,50,50,0
1,1,52,52,0
1,2,53,53,0
1,3,53,53,0
1,4,53,53,0
1,5,53,53,0
1,6,55,55,0
1,7,57,57,0
1,8,56,56,0
1,9,56,56,0
1,10,61,61,0
1,11,66,66,0
1,12,73,73,0
1,13,78,78,0
1,14,83,83,0
1,15,86,86,0
1,16,88,88,0
1,17,86,86,0
1,18,76,76,0
1,19,62,62,0
1,20,62,62,0
1,21,82,82,0
1,22,103,103,0
1,23,109,109,0
1,24,101,101,0
1,25,92,92,0
1,26,85,85,0
1,27,77,77,0
1,28,68,68,0
1,29,59,59,0
1,30,56,56,0
1,31,53,53,0
1,32,53,53,0
1,33,56,56,0
1,34,57,57,0
1,35,57,57,0
1,36,56,56,0
1,37,57,57,0
1,38,56,56,0
1,39,55,55,0
1,40,55,55,0
1,41,56,56,0
1,42,56,56,0
1,43,56,56,0
1,44,56,56,0
1,45,56,56,0
1,46,57,57,0
1,47,57,57,0
1,48,57,57,0
1,49,57,57,0
1,50,54,54,0
1,51,59,59,0
1,52,64,64,0
1,53,59,59,0
1,54,50,50,0
1,55,51,51,0
1,56,57,57,0
1,57,63,63,0
1,58,63,63,0
1,59,51,51,0
1,60,41,41,0
1,61,64,64,0
1,62,106,106,0
1,63,124,124,0
2,0,109,109,0
2,1,83,83,0
2,2,69,69,0
2,3,59,59,0
2,4,54,54,0
2,5,50,50,0
2,6,49,49,0
2,7,51,51,0
2,8,53,53,0
2,9,52,52,0
2,10,51,51,0
2,11,54,54,0
2,12,55,55,0
2,13,56,56,0
2,14,56,56,0
2,15,56,56,0
2,16,56,56,0
2,17,57,57,0
2,18,57,57,0
2,19,58,58,0
2,20,59,59,0
2,21,59,59,0
2,22,59,59,0
2,23,59,59,0
2,24,59,59,0
2,25,59,59,0
2,26,59,59,0
2,27,59,59,0
2,28,58,58,0
2,29,58,58,0
2,30,56,56,0
2,31,54,54,0
2,32,53,53,0
2,33,53,53,0
2,34,53,53,0
2,35,53,53,0
2,36,52,52,0
2,37,52,52,0
2,38,52,52,0
2,39,52,52,0
2,40,53,53,0
2,41,53,53,0
2,42,53,53,0
2,43,54,54,0
2,44,54,54,0
2,45,56,56,0
2,46,56,56,0
2,47,56,56,0
2,48,56,56,0
2,49,56,56,0
2,50,56,56,0
2,51,56,56,0
2,52,56,56,0
2,53,56,56,0
2,54,56,56,0
2,55,56,56,0
2,56,55,55,0
2,57,55,55,0
2,58,54,54,0
2,59,53,53,0
2,60,53,53,0
2,61,53,53,0
2,62,52,52,0
2,63,51,51,0
2,64,51,51,0
2,65,51,51,0
2,66,51,51,0
2,67,52,52,0
2,68,53,53,0
2,69,55,55,0
2,70,58,58,0
2,71,59,59,0
2,72,59,59,0
2,73,59,59,0
2,74,58,58,0
2,75,57,57,0
2,76,56,56,0
2,77,55,55,0
2,78,54,54,0
2,79,53,53,0
2,80,54,54,0
2,81,53,53,0
2,82,52,52,0
2,83,55,55,0
2,84,61,61,0
2,85,68,68,0
2,86,70,70,0
2,87,65,65,0
2,88,61,61,0
2,89,56,56,0
2,90,54,54,0
2,91,54,54,0
2,92,57,57,0
2,93,59,59,0
2,94,59,59,0
2,95,59,59,0
2,96,59,59,0
2,97,58,58,0
2,98,58,58,0
2,99,58,58,0
2,100,57,57,0
2,101,57,57,0
2,102,57,57,0
2,103,57,57,0
2,104,58,58,0
2,105,57,57,0
2,106,57,57,0
2,107,57,57,0
2,108,57,57,0
2,109,57,57,0
2,110,57,57,0
2,111,58,58,0
2,112,57,57,0
2,113,57,57,0
2,114,57,57,0
2,115,57,57,0
2,116,57,57,0
2,117,57,57,0
2,118,57,57,0
2,119,57,57,0
2,120,52,52,0
2,121,52,52,0
2,122,52,52,0
2,123,52,52,0
2,124,52,52,0
2,125,52,52,0
2,126,51,51,0
2,127,52,52,0
2,128,54,54,0
2,129,53,53,0
2,130,53,53,0
2,131,53,53,0
2,132,52,52,0
2,133,51,51,0
2,134,51,51,0
2,135,51,51,0
2,136,53,53,0
2,137,53,53,0
2,138,53,53,0
2,139,52,52,0
2,140,50,50,0
2,141,50,50,0
2,142,52,52,0
2,143,55,55,0
2,144,59,59,0
2,145,65,65,0
2,146,73,73,0
2,147,82,82,0
2,148,88,88,0
2,149,92,92,0
2,150,92,92,0
2,151,91,91,0
2,152,85,85,0
2,153,75,75,0
2,154,62,62,0
2,155,49,49,0
2,156,53,53,0
2,157,77,77,0
2,158,95,95,0
2,159,93,93,0
2,160,81,81,0
2,161,75,75,0
2,162,67,67,0
2,163,58,58,0
2,164,52,52,0
2,165,52,52,0
2,166,55,55,0
2,167,56,56,0
2,168,55,55,0
2,169,55,55,0
2,170,56,56,0
2,171,56,56,0
2,172,56,56,0
2,173,56,56,0
2,174,56,56,0
2,175,56,56,0
2,176,56,56,0
2,177,56,56,0
2,178,56,56,0
2,179,56,56,0
2,180,57,57,0
2,181,57,57,0
2,182,57,57,0
2,183,57,57,0
2,184,58,58,0
2,185,57,57,0
2,186,55,55,0
2,187,56,56,0
2,188,58,58,0
2,189,58,58,0
2,190,58,58,0
2,191,59,59,0
2,192,57,57,0
2,193,52,52,0
2,194,54,54,0
2,195,63,63,0
2,196,81,81,0
2,197,112,112,0
2,198,128,128,0
2,199,109,109,0
2,200,74,74,0
2,201,55,55,0
2,202,53,53,0
2,203,54,54,0
2,204,53,53,0
2,205,51,51,0
2,206,51,51,0
2,207,53,53,0
2,208,55,55,0
2,209,53,53,0
2,210,53,53,0
2,211,54,54,0
2,212,55,55,0
2,213,55,55,0
2,214,55,55,0
2,215,56,56,0
2,216,57,57,0
2,217,58,58,0
2,218,59,59,0
2,219,59,59,0
2,220,61,61,0
2,221,60,60,0
2,222,61,61,0
2,223,60,60,0
2,224,60,60,0
2,225,60,60,0
2,226,59,59,0
2,227,59,59,0
2,228,58,58,0
2,229,56,56,0
2,230,56,56,0
2,231,54,54,0
2,232,53,53,0
2,233,53,53,0
2,234,53,53,0
2,235,53,53,0
2,236,52,52,0
2,237,52,52,0
2,238,52,52,0
2,239,53,53,0
2,240,53,53,0
2,241,53,53,0
2,242,54,54,0
2,243,54,54,0
2,244,54,54,0
2,245,56,56,0
2,246,56,56,0
2,247,56,56,0
2,248,56,56,0
2,249,56,56,0
2,250,56,56,0
2,251,56,56,0
2,252,56,56,0
2,253,55,55,0
2,254,55,55,0
2,255,55,55,0
3,0,485,485,1
3,1,485,485,1
3,2,5058,5058,1
3,3,5058,5058,1
3,4,5767,5767,1
3,5,5767,5767,1
3,6,6537,6537,1
3,7,6537,6537,1
3,8,11172,11172,1
3,9,11172,11172,1
3,10,5859,5859,1
3,11,5859,5859,1
3,12,7369,7369,1
3,13,7369,7369,1
3,14,7338,7338,1
3,15,7338,7338,1
