485,485,5058,5058,5767,5767,6537,6537,11172,11172,5859,5859,7369,7369,7338,7338
10832,11572,4565,5366,6105,5366,10771,11572,11633,84,8570,7769,8508,7769,885,84
11479,9939,4596,6137,114,1655,7800,6260,2394,2456,7800,7739,10801,10740,4596,4658
4195,9878,11191,11501,10603,6523,12159,4106,8200,3997,6385,8297,1792,4394,7353,902
10801,4225,10678,10277,10678,10308,10801,11201,114,7429,3195,3595,3195,2825,114,12002
7905,128,6476,9527,9031,11465,6722,12220,5228,1456,8879,9527,2623,11739,2717,5812
1273,3833,2673,8591,706,2957,2786,10227,11412,2484,8828,5134,11414,3252,10543,889
8682,12226,3776,1651,9603,5525,890,4356,12160,485,66,7827,6694,6621,7846,11038
5733,12278,11248,3933,9060,1714,10491,11662,8136,1591,4840,11416,1851,9197,10491,10060
8568,7397,7028,1284,2485,8198,10708,4964,4563,4994,4625,10369,9167,4193,2424,8168
2794,8507,6505,761,10400,10831,11232,4687,11078,6104,8107,1562,514,11632,11232,5488
9599,4656,11972,11602,11879,6135,7368,1593,1315,6258,11972,11602,1993,7737,5766,12280
6964,820,1621,820,80,6225,5424,5424,6163,19,11507,19,11568,5424,6225,6225
6503,12278,8136,1591,12031,112,5856,112,8105,1591,5733,12278,10429,10799,5055,10799
11909,11909,8938,8938,8229,8229,5857,5857,1222,1222,4933,4933,3423,3423,5056,5056
8107,8107,8939,8939,1346,1346,5057,5057,6505,6505,4934,4934,8829,8829,5858,5858
