block,y0,y1,y2,y3,y4,y5,y6,y7,y8,y9,y10,y11,y12,y13,y14,y15
0,54,54,54,54,54,54,54,54,54,54,54,54,53,53,52,52
1,54,54,54,54,54,54,54,54,53,53,52,52,50,52,53,53
2,54,54,54,54,53,53,52,52,50,52,53,53,53,53,55,57
3,53,53,52,52,50,52,53,53,53,53,55,57,56,56,61,66
4,54,54,54,54,54,54,54,53,52,51,50,49,50,50,52,52
5,54,54,54,53,52,51,50,49,50,50,52,52,53,55,60,65
6,52,51,50,49,50,50,52,52,53,55,60,65,72,81,90,97
7,50,50,52,52,53,55,60,65,72,81,90,97,97,93,87,80
8,48,49,48,49,49,49,49,50,52,51,51,51,53,53,55,54
9,49,49,49,50,52,51,51,51,53,53,55,54,51,51,52,52
10,52,51,51,51,53,53,55,54,51,51,52,52,52,52,51,52
11,53,53,55,54,51,51,52,52,52,52,51,52,52,52,53,52
12,48,49,49,49,49,50,50,50,50,50,50,50,50,50,50,50
13,49,50,50,50,50,50,50,50,50,50,50,50,52,52,52,52
14,50,50,50,50,50,50,50,50,52,52,52,52,53,53,54,54
15,50,50,50,50,52,52,52,52,53,53,54,54,54,54,54,54
